,pitch_precision,pitch_recall,pitch_f-measure,tab_precision,tab_recall,tab_f-measure,disambiguation_rate,data
0,0.9428571428571428,0.6470588235294118,0.7674418604651163,0.717948717948718,0.5490196078431373,0.6222222222222223,0.7614607614607615,value
